Question,Answer
What affects mortgage approval?,Mortgage approval depends on credit score income and existing debts.
What is a fixed rate mortgage?,A fixed rate mortgage keeps the same interest rate for a set period.
What is variable rate mortgage?,A variable rate mortgage changes based on market interest rates.
How long does buying a house take?,It usually takes between 8 to 12 weeks.
What is EPC rating?,Energy Performance Certificate rates energy efficiency of a property.
What is LTV?,Loan to Value ratio compares mortgage amount to property value.
What costs are involved in buying?,Costs include solicitor fees survey fees and stamp duty.
Can I buy with low credit score?,It may be possible but interest rates could be higher.
What is first time buyer relief?,It reduces stamp duty for eligible buyers.
Should I get a survey?,Yes a property survey helps identify structural issues.
What is a mortgage agreement in principle?,It is an estimate from a lender showing how much you may be able to borrow.
What does conveyancing mean?,Conveyancing is the legal process of transferring property ownership.
What is a property chain?,A property chain occurs when multiple buyers and sellers depend on each other to complete purchases.
What is gazumping?,Gazumping happens when a seller accepts a higher offer after already agreeing to another buyer.
What is a valuation survey?,A valuation survey estimates the market value of a property.
What is a building survey?,A building survey is a detailed inspection of the property's structure and condition.
Can I buy a house without a mortgage?,Yes if you have enough savings you can purchase property outright.
What is shared ownership?,Shared ownership allows you to buy part of a property and pay rent on the remaining share.
What is help to buy?,Help to Buy schemes assist buyers with government support for purchasing homes.
What is a property title?,A property title proves legal ownership of the property.
What is an estate agent?,An estate agent helps buyers and sellers complete property transactions.
What is completion day?,Completion day is when ownership of the property officially transfers to the buyer.
What happens during exchange of contracts?,Exchange of contracts legally commits both buyer and seller to the sale.
What is mortgage interest?,Mortgage interest is the cost you pay to borrow money from the lender.
How can I improve my mortgage chances?,Improving credit score saving a larger deposit and reducing debts can help.
What is the buying process?,"The home buying process involves getting a mortgage agreement, finding a property, making an offer, surveys, conveyancing and completion."
How do I get a home loan?, You can apply for a home loan through a bank or mortgage broker by providing proof of income and credit history.
Tell me about mortgages, A mortgage is a loan secured against a property used to fund a purchase repaid over time with interest.
What does a lawyer do in property, A property lawyer or solicitor handles all legal aspects of buying and selling property including contracts and searches.
How big should my deposit be, Most lenders recommend saving at least 10 to 20 percent of the property value as a deposit for better mortgage rates.